name,region,rating,kd,maps,kost,kpr,srv,plants,profile_url
Aiden,NA,1.34,127-73 (+54),12,74%,1.03,40%,3,https://siege.gg/players/3749-aiden
Ambi,NA,1.29,154-104 (+50),13,72%,1.04,29%,5,https://siege.gg/players/3498-ambi
Gaveni,NA,1.22,110-79 (+31),10,73%,0.95,31%,2,https://siege.gg/players/3108-gaveni
Rival,NA,1.22,83-55 (+28),8,77%,0.89,40%,0,https://siege.gg/players/3471-rival
ARK,NA,1.22,89-63 (+26),7,65%,1.03,26%,3,https://siege.gg/players/3901-ark
Snake,NA,1.21,87-59 (+28),8,69%,0.94,36%,0,https://siege.gg/players/2984-snake
PYROXZ,NA,1.18,171-127 (+44),16,68%,0.92,31%,2,https://siege.gg/players/3603-pyroxz
J9O,NA,1.17,128-92 (+36),13,72%,0.86,38%,0,https://siege.gg/players/1810-j9o
EXER,NA,1.17,22-18 (+4),2,64%,0.88,28%,2,https://siege.gg/players/3496-exer
IVAN,NA,1.16,169-126 (+43),16,63%,0.91,32%,1,https://siege.gg/players/3210-ivan
TWEEDY,NA,1.16,52-42 (+10),5,69%,0.88,28%,1,https://siege.gg/players/3916-tweedy
epic,NA,1.12,144-111 (+33),15,67%,0.83,35%,1,https://siege.gg/players/3741-epic
Nuers,NA,1.11,129-102 (+27),13,67%,0.87,31%,0,https://siege.gg/players/2935-nuers
Atom,NA,1.1,43-37 (+6),4,64%,0.90,22%,0,https://siege.gg/players/2981-tra
AZIAN,NA,1.1,147-121 (+26),15,64%,0.85,30%,1,https://siege.gg/players/3104-azian
KIRU,NA,1.1,98-79 (+19),9,65%,0.87,30%,1,https://siege.gg/players/3459-kiru
ROTHERMEL,NA,1.1,34-31 (+3),3,66%,0.94,13%,0,https://siege.gg/players/3929-rothermel
BEAZR,NA,1.1,12-11 (+1),2,68%,0.63,42%,1,https://siege.gg/players/3932-beazr
GODVILLE,NA,1.09,74-61 (+13),8,62%,0.82,32%,1,https://siege.gg/players/3451-godville
SOLO.,NA,1.09,90-73 (+17),9,65%,0.80,35%,3,https://siege.gg/players/3861-solo
ZONKEY,NA,1.08,62-54 (+8),6,64%,0.83,28%,1,https://siege.gg/players/3463-zonkey
MIKEW,NA,1.08,227-196 (+31),26,70%,0.78,32%,3,https://siege.gg/players/3465-mikew
LUNAR,NA,1.08,50-45 (+5),5,71%,0.85,23%,0,https://siege.gg/players/3482-lunar
AlxPrs,NA,1.08,143-132 (+11),15,67%,0.83,23%,0,https://siege.gg/players/3742-alxprs
Fultz,NA,1.07,102-93 (+9),13,68%,0.68,37%,4,https://siege.gg/players/1077-fultz
Gunnar,NA,1.07,85-75 (+10),10,66%,0.73,35%,1,https://siege.gg/players/2393-gunnar
ELI,NA,1.07,121-108 (+13),15,67%,0.70,37%,1,https://siege.gg/players/3565-eli
VULSPUR,NA,1.07,231-194 (+37),26,62%,0.79,33%,2,https://siege.gg/players/3763-vulspur
Kyno,NA,1.06,108-104 (+4),13,67%,0.72,30%,9,https://siege.gg/players/1871-kyno
Spiff,NA,1.06,75-65 (+10),8,60%,0.83,27%,2,https://siege.gg/players/3208-spiff
MONK,NA,1.05,66-59 (+7),6,60%,0.88,21%,0,https://siege.gg/players/341-monk
Beeno,NA,1.05,195-183 (+12),26,67%,0.68,35%,24,https://siege.gg/players/2112-beeno
FENZ,NA,1.05,67-57 (+10),8,70%,0.72,38%,0,https://siege.gg/players/3455-fenz
KOSHI,NA,1.05,18-19 (-1),2,69%,0.78,17%,1,https://siege.gg/players/3925-koshi
SHMINK,NA,1.04,20-20 (+0),2,68%,0.80,20%,0,https://siege.gg/players/3497-shmink
Mili,NA,1.04,110-102 (+8),13,60%,0.79,26%,3,https://siege.gg/players/3899-mili
MARMALADE,NA,1.03,84-77 (+7),11,66%,0.68,37%,4,https://siege.gg/players/2329-marmalade
Ashn,NA,1.03,88-85 (+3),10,68%,0.76,26%,0,https://siege.gg/players/3258-ashn
Adrian,NA,1.03,107-108 (-1),12,69%,0.74,25%,1,https://siege.gg/players/3501-adrian
JAYYGUNS,NA,1.03,86-79 (+7),9,64%,0.76,30%,1,https://siege.gg/players/3895-jayyguns
NUBZ,NA,1.03,27-23 (+4),3,63%,0.75,36%,1,https://siege.gg/players/3930-nubz
Spoit,NA,1.02,108-98 (+10),13,61%,0.73,33%,3,https://siege.gg/players/380-spoit
Silent,NA,1.02,82-72 (+10),9,68%,0.73,36%,2,https://siege.gg/players/2832-silentendz
Packer,NA,1.01,214-204 (+10),26,65%,0.73,30%,3,https://siege.gg/players/3001-packer
Spiker,NA,1.01,92-87 (+5),12,61%,0.64,39%,9,https://siege.gg/players/3223-spiker
Rexen,NA,1.0,105-104 (+1),13,62%,0.71,29%,5,https://siege.gg/players/1040-rexen
KOOLAID,NA,1.0,54-57 (-3),7,68%,0.63,33%,4,https://siege.gg/players/1802-koolaid
Kanzen,NA,1.0,103-105 (-2),12,65%,0.72,27%,3,https://siege.gg/players/1805-kanzenkyari
Trevmak,NA,1.0,86-98 (-12),13,67%,0.62,29%,15,https://siege.gg/players/2109-trevmak
JJBlazt,NA,1.0,61-57 (+4),8,62%,0.66,38%,6,https://siege.gg/players/2140-blaztful
AYEX,NA,1.0,45-47 (-2),5,64%,0.76,20%,0,https://siege.gg/players/3914-ayex
Nesta,NA,0.99,101-99 (+2),13,58%,0.73,28%,3,https://siege.gg/players/3898-nesta
Gity,NA,0.98,86-85 (+1),12,66%,0.70,30%,1,https://siege.gg/players/2325-gity
ZURS,NA,0.98,62-64 (-2),7,68%,0.72,25%,0,https://siege.gg/players/3467-zurs
SKOOB,NA,0.98,94-90 (+4),11,58%,0.76,27%,1,https://siege.gg/players/3495-skoob
GNRIVAL,NA,0.98,88-91 (-3),12,65%,0.72,26%,1,https://siege.gg/players/3747-gnrival
BUTCHRR,NA,0.98,65-66 (-1),8,60%,0.72,26%,2,https://siege.gg/players/3863-butchrr
Forrest,NA,0.97,53-58 (-5),8,67%,0.57,37%,4,https://siege.gg/players/1318-forrest
Surf,NA,0.97,103-105 (-2),13,66%,0.70,29%,2,https://siege.gg/players/2397-surf
RNOTUMBO,NA,0.97,105-118 (-13),16,64%,0.57,35%,14,https://siege.gg/players/3213-rnotumbo
Bae,NA,0.97,106-105 (+1),12,59%,0.74,27%,0,https://siege.gg/players/3411-bae
dfuzr,NA,0.97,84-82 (+2),10,65%,0.72,29%,0,https://siege.gg/players/3457-dfuzr
Raid,NA,0.97,88-90 (-2),12,64%,0.72,26%,0,https://siege.gg/players/3862-raidbullys
Twiizt,NA,0.96,12-14 (-2),2,62%,0.75,12%,0,https://siege.gg/players/2125-twiizt
TEDDY,NA,0.96,17-18 (-1),2,68%,0.68,28%,0,https://siege.gg/players/3492-teddy
SYLO,NA,0.96,194-215 (-21),26,63%,0.66,26%,9,https://siege.gg/players/3904-sylo
STERN,NA,0.96,41-44 (-3),5,59%,0.69,25%,2,https://siege.gg/players/3907-stern
RUSHZE,NA,0.96,98-100 (-2),11,54%,0.79,19%,1,https://siege.gg/players/3933-rushze
Dream,NA,0.95,68-80 (-12),12,65%,0.55,34%,10,https://siege.gg/players/1349-dream
njr,NA,0.95,86-96 (-10),13,65%,0.58,35%,4,https://siege.gg/players/1809-njr
VIPOA,NA,0.95,17-17 (+0),2,56%,0.74,26%,1,https://siege.gg/players/3462-vipoa
HUD,NA,0.94,16-17 (-1),2,60%,0.70,26%,0,https://siege.gg/players/3758-hud
SOGGYC,NA,0.94,41-41 (+0),5,54%,0.69,30%,0,https://siege.gg/players/3910-soggyc
POKER,NA,0.93,79-90 (-11),11,60%,0.64,27%,3,https://siege.gg/players/3684-poker
SERX,NA,0.92,58-68 (-10),8,63%,0.64,24%,4,https://siege.gg/players/3894-serx
Rovi,NA,0.91,112-130 (-18),16,61%,0.60,30%,5,https://siege.gg/players/2418-rovi
CANDLE,NA,0.91,13-14 (-1),2,50%,0.81,12%,0,https://siege.gg/players/3470-candle
VICBANDS,NA,0.91,45-56 (-11),6,62%,0.60,25%,0,https://siege.gg/players/3751-vicbands
Vrionx,NA,0.91,87-103 (-16),13,60%,0.63,25%,0,https://siege.gg/players/3896-vrionx
LUCKI,NA,0.91,20-23 (-3),3,65%,0.57,34%,0,https://siege.gg/players/3931-lucki
Panbazou,NA,0.9,31-38 (-7),4,60%,0.65,20%,0,https://siege.gg/players/1860-panbazou
Hat,NA,0.9,53-56 (-3),6,54%,0.71,25%,2,https://siege.gg/players/3105-hat
SNEKY,NA,0.89,35-43 (-8),5,59%,0.59,27%,0,https://siege.gg/players/3915-sneky
Kixhro,NA,0.88,42-46 (-4),6,57%,0.71,22%,0,https://siege.gg/players/2829-kixhro
YLEQI,NA,0.88,54-63 (-9),7,59%,0.63,26%,1,https://siege.gg/players/3900-yleqi
EWZY,NA,0.88,40-43 (-3),6,57%,0.68,27%,0,https://siege.gg/players/3972-ewzy
GMZ,NA,0.87,32-37 (-5),4,58%,0.67,22%,0,https://siege.gg/players/1870-gmz
Logger,NA,0.87,87-104 (-17),13,56%,0.63,25%,0,https://siege.gg/players/3897-logger
VOID.NN,NA,0.87,34-41 (-7),5,55%,0.58,30%,4,https://siege.gg/players/3909-voidnn
CADENT,NA,0.86,103-135 (-32),16,61%,0.55,27%,1,https://siege.gg/players/3167-cadent
SpiriTz,NA,0.85,26-35 (-9),4,60%,0.54,27%,3,https://siege.gg/players/1995-spiritz
BJL,NA,0.84,33-59 (-26),6,68%,0.44,21%,6,https://siege.gg/players/3456-bjl
Franklin,NA,0.84,54-84 (-30),9,65%,0.48,25%,9,https://siege.gg/players/3750-franlin
HANNI,NA,0.84,23-33 (-10),3,50%,0.64,8%,1,https://siege.gg/players/3934-hanni
Hotancold,NA,0.83,55-85 (-30),10,58%,0.47,26%,16,https://siege.gg/players/79-hotancold
Eddy,NA,0.83,38-46 (-8),6,54%,0.64,22%,0,https://siege.gg/players/2830-eddy
bbySharKK,NA,0.83,79-106 (-27),12,60%,0.55,26%,0,https://siege.gg/players/3667-bbysharkk
TOASTER,NA,0.83,15-20 (-5),2,56%,0.60,20%,1,https://siege.gg/players/3764-toaster
RYCE,NA,0.82,66-115 (-49),15,63%,0.38,33%,19,https://siege.gg/players/2107-ryce
Canadian,NA,0.79,62-106 (-44),13,63%,0.42,28%,5,https://siege.gg/players/49-canadian
Yoggah,NA,0.79,25-35 (-10),4,60%,0.52,27%,1,https://siege.gg/players/348-yoggah
IONZ,NA,0.79,44-73 (-29),8,63%,0.49,18%,1,https://siege.gg/players/3757-ionz
STOAXY,NA,0.79,33-46 (-13),5,52%,0.56,22%,0,https://siege.gg/players/3908-stoaxy
VALEN,NA,0.78,29-46 (-17),5,57%,0.49,22%,2,https://siege.gg/players/3913-valen
MILANO,NA,0.76,42-69 (-27),7,58%,0.49,19%,4,https://siege.gg/players/1861-milano
INRYO,NA,0.76,6-12 (-6),2,62%,0.38,25%,1,https://siege.gg/players/2324-inryo
KRONK,NA,0.74,20-28 (-8),3,47%,0.56,22%,0,https://siege.gg/players/3473-kronk
CENTIR,NA,0.74,31-47 (-16),6,49%,0.53,20%,2,https://siege.gg/players/3480-centir
FOCAL,NA,0.73,29-47 (-18),6,54%,0.49,20%,0,https://siege.gg/players/3022-focal
GAVRUNNIN,NA,0.72,12-18 (-6),2,47%,0.52,21%,0,https://siege.gg/players/3926-gavrunnin
GOOSENA,NA,0.64,27-47 (-20),5,42%,0.46,20%,0,https://siege.gg/players/3911-goosena
ANNIKA,NA,0.62,40-84 (-44),9,42%,0.38,20%,2,https://siege.gg/players/3674-annika
EXIGE,NA,0.55,7-20 (-13),2,48%,0.28,20%,1,https://siege.gg/players/3485-exige
TYSI,NA,0.42,4-15 (-11),2,37%,0.25,6%,0,https://siege.gg/players/3762-tysi
FROZEN,NA,0.41,4-15 (-11),2,31%,0.25,6%,0,https://siege.gg/players/1818-frozen
NEONLIGHT,NA,0.38,7-22 (-15),2,30%,0.30,4%,0,https://siege.gg/players/3927-neonlight
VEXISS,EU,1.43,47-20 (+27),4,76%,1.12,52%,0,https://siege.gg/players/3970-vexiss
GUTTERO,EU,1.29,25-16 (+9),2,76%,1.00,36%,0,https://siege.gg/players/3957-guttero
Noa,EU,1.28,96-64 (+32),9,68%,1.03,31%,2,https://siege.gg/players/2895-noaurz
Shaiiko,EU,1.25,87-62 (+25),8,75%,0.99,29%,3,https://siege.gg/players/308-shaiiko
BlaZ,EU,1.24,82-53 (+29),9,73%,0.94,39%,4,https://siege.gg/players/366-blaz
Stompn,EU,1.22,79-53 (+26),8,73%,0.90,39%,1,https://siege.gg/players/3752-stompn
POZO,EU,1.22,144-99 (+45),14,72%,0.91,37%,0,https://siege.gg/players/3832-pozo
Solotov,EU,1.2,94-66 (+28),10,67%,0.99,30%,0,https://siege.gg/players/2623-solotov
DRILLZ,EU,1.2,64-46 (+18),5,64%,0.96,31%,0,https://siege.gg/players/3813-drillz
Creedz,EU,1.18,86-67 (+19),9,70%,0.88,31%,1,https://siege.gg/players/3499-creedz
dan,EU,1.17,98-68 (+30),10,68%,0.90,37%,0,https://siege.gg/players/358-dan
Gruby,EU,1.17,177-131 (+46),18,65%,0.91,32%,2,https://siege.gg/players/2688-gruby
CRAZY,EU,1.16,41-31 (+10),4,68%,0.91,31%,1,https://siege.gg/players/1250-crazy
Robby,EU,1.16,73-57 (+16),9,67%,0.84,34%,2,https://siege.gg/players/3504-robby
LikEfac,EU,1.15,83-62 (+21),10,67%,0.87,34%,1,https://siege.gg/players/2424-likefac
EUPOR,EU,1.15,162-126 (+36),18,71%,0.84,35%,5,https://siege.gg/players/3181-eupor
Benjamaster,EU,1.14,74-54 (+20),8,71%,0.84,38%,1,https://siege.gg/players/1607-benjamaster
GHOSTRIDDIK,EU,1.14,144-114 (+30),15,64%,0.87,30%,2,https://siege.gg/players/3807-ghostriddik
SELIMSHADY,EU,1.13,82-64 (+18),9,68%,0.85,33%,1,https://siege.gg/players/3946-selimshady
Freq,EU,1.12,73-60 (+13),9,68%,0.84,31%,1,https://siege.gg/players/2383-notfreq
SHIFT.,EU,1.12,84-70 (+14),9,68%,0.82,32%,8,https://siege.gg/players/3820-shift
SHOXL,EU,1.12,76-62 (+14),9,66%,0.79,35%,2,https://siege.gg/players/3947-shoxl
RQNKR,EU,1.11,157-129 (+28),17,65%,0.82,32%,3,https://siege.gg/players/3510-rqnkr
GLOCK,EU,1.1,68-58 (+10),7,62%,0.85,27%,1,https://siege.gg/players/3937-glock
Doki,EU,1.09,71-59 (+12),8,67%,0.81,32%,1,https://siege.gg/players/391-doki
NIKKES,EU,1.09,114-93 (+21),12,65%,0.82,33%,2,https://siege.gg/players/3860-nikkes
DNAMITE,EU,1.09,86-69 (+17),9,66%,0.83,33%,0,https://siege.gg/players/3963-dnamite
Deapek,EU,1.08,72-62 (+10),9,64%,0.77,34%,3,https://siege.gg/players/467-deapek
Nayqo,EU,1.08,67-74 (-7),10,69%,0.61,32%,12,https://siege.gg/players/3397-nayqo
Sarks,EU,1.08,38-32 (+6),4,59%,0.90,23%,0,https://siege.gg/players/3708-sarks
Yuzus,EU,1.07,69-62 (+7),10,71%,0.73,34%,0,https://siege.gg/players/1697-yuzus
Leadr,EU,1.07,124-110 (+14),18,71%,0.64,43%,11,https://siege.gg/players/3156-leadr
Rexhun,EU,1.07,37-28 (+9),4,57%,0.88,33%,0,https://siege.gg/players/3735-rexhun
SNEAK,EU,1.07,46-39 (+7),5,66%,0.85,27%,0,https://siege.gg/players/3805-sneak
J9KRR,EU,1.07,61-50 (+11),7,67%,0.76,37%,0,https://siege.gg/players/3809-j9krr
Azzr,EU,1.06,78-70 (+8),9,66%,0.80,28%,2,https://siege.gg/players/3179-azzr
jume,EU,1.05,81-70 (+11),10,60%,0.85,26%,0,https://siege.gg/players/2381-jume
JAY-,EU,1.05,148-136 (+12),17,65%,0.77,28%,0,https://siege.gg/players/2852-jay
P9,EU,1.05,117-100 (+17),13,63%,0.82,30%,0,https://siege.gg/players/2868-p9
DORA,EU,1.04,174-160 (+14),23,67%,0.69,36%,14,https://siege.gg/players/3177-dora
SkyZs,EU,1.04,89-83 (+6),10,64%,0.82,23%,1,https://siege.gg/players/3396-skyzs
BODOLF,EU,1.04,61-59 (+2),9,67%,0.64,38%,1,https://siege.gg/players/3944-bodolf
p4sh4,EU,1.03,82-80 (+2),10,62%,0.75,26%,2,https://siege.gg/players/534-p4sh4
Hashom,EU,1.03,108-94 (+14),13,62%,0.76,34%,1,https://siege.gg/players/2228-hashom
Oscr,EU,1.03,135-125 (+10),18,70%,0.69,35%,3,https://siege.gg/players/2307-oscr
jlaDD,EU,1.03,111-103 (+8),13,62%,0.78,27%,5,https://siege.gg/players/2870-jladd
RORICK,EU,1.03,79-67 (+12),10,64%,0.72,38%,1,https://siege.gg/players/3191-rorick
Asa,EU,1.03,189-181 (+8),26,64%,0.69,33%,19,https://siege.gg/players/3512-asa
BMZY,EU,1.03,41-40 (+1),5,70%,0.76,25%,0,https://siege.gg/players/3802-bmzy
AWNDRAY,EU,1.03,61-53 (+8),7,67%,0.76,33%,0,https://siege.gg/players/3938-awndray
FENO,EU,1.03,224-207 (+17),26,61%,0.82,24%,1,https://siege.gg/players/3949-feno
NILAR,EU,1.03,33-31 (+2),4,64%,0.79,26%,0,https://siege.gg/players/3966-nilar
Tr1ixd,EU,1.02,99-99 (+0),13,67%,0.69,30%,2,https://siege.gg/players/2226-tr1ixd
DEADSHT,EU,1.02,76-71 (+5),9,57%,0.81,24%,2,https://siege.gg/players/2423-deadsht
TWX,EU,1.01,34-33 (+1),4,64%,0.76,26%,0,https://siege.gg/players/3347-twx
RADENTY,EU,1.01,50-47 (+3),5,62%,0.75,29%,0,https://siege.gg/players/3669-radenty
GARREN,EU,1.01,36-35 (+1),5,62%,0.67,35%,1,https://siege.gg/players/3804-garren
FLEXY,EU,1.01,139-137 (+2),18,62%,0.71,29%,2,https://siege.gg/players/3857-flexy
Jeggz,EU,1.0,98-92 (+6),12,63%,0.71,33%,1,https://siege.gg/players/3180-jeggz
RAASTIN,EU,1.0,97-93 (+4),12,61%,0.70,33%,5,https://siege.gg/players/3502-raastin
NIFSU,EU,1.0,92-96 (-4),12,65%,0.66,30%,9,https://siege.gg/players/3859-nifsu
LAMBE,EU,0.99,106-107 (-1),12,61%,0.76,23%,1,https://siege.gg/players/3858-lambe
REAZ,EU,0.99,188-183 (+5),23,61%,0.75,27%,2,https://siege.gg/players/3935-reaz
ALRD,EU,0.99,119-117 (+2),16,59%,0.73,27%,3,https://siege.gg/players/3955-alrd
Elemzje,EU,0.98,189-196 (-7),26,66%,0.69,28%,2,https://siege.gg/players/174-elemzje
LOLLO,EU,0.98,158-165 (-7),23,64%,0.63,34%,12,https://siege.gg/players/2497-lollo
MARTEAU,EU,0.98,175-177 (-2),26,64%,0.64,35%,5,https://siege.gg/players/3513-marteau
AQUI,EU,0.97,168-178 (-10),23,65%,0.67,29%,5,https://siege.gg/players/1517-aqui
DEN,EU,0.97,128-138 (-10),17,62%,0.67,27%,2,https://siege.gg/players/3826-den
ZAARAMY,EU,0.97,195-190 (+5),23,59%,0.77,24%,1,https://siege.gg/players/3936-zaaramy
ROCKNROLLDJ,EU,0.97,50-53 (-3),7,66%,0.62,33%,2,https://siege.gg/players/3940-rocknrolldj
MARATSZ,EU,0.97,105-109 (-4),16,64%,0.65,32%,3,https://siege.gg/players/3952-maratsz
TAZZY,EU,0.96,50-54 (-4),5,64%,0.75,19%,0,https://siege.gg/players/3509-tazzy
Lasmooo,EU,0.96,54-59 (-5),9,65%,0.62,32%,1,https://siege.gg/players/3670-lasmoooo
V7NOMZ,EU,0.95,88-113 (-25),14,69%,0.55,28%,17,https://siege.gg/players/3943-v7nomz
DEVILSZ,EU,0.95,121-125 (-4),16,61%,0.75,22%,1,https://siege.gg/players/3953-devilsz
ERKKARI,EU,0.94,35-36 (-1),5,61%,0.65,33%,1,https://siege.gg/players/462-erkkari
CODED,EU,0.94,112-122 (-10),14,63%,0.70,22%,1,https://siege.gg/players/3941-coded
FLUANCY,EU,0.94,101-115 (-14),14,63%,0.64,27%,4,https://siege.gg/players/3942-fluancy
SM1SS,EU,0.94,27-28 (-1),4,59%,0.64,33%,1,https://siege.gg/players/3969-sm1ss
SCYTHER,EU,0.93,99-116 (-17),16,64%,0.61,28%,7,https://siege.gg/players/579-scyther
Alem4o,EU,0.93,48-54 (-6),8,62%,0.55,38%,5,https://siege.gg/players/1738-alem4o
Wizard,EU,0.93,63-71 (-8),9,62%,0.67,24%,2,https://siege.gg/players/3816-wizarduk
QUARTURNER,EU,0.93,57-66 (-9),9,62%,0.59,31%,4,https://siege.gg/players/3945-quarturner
BriD,EU,0.92,40-63 (-23),10,68%,0.42,33%,9,https://siege.gg/players/22-brid
SKIDDY,EU,0.92,64-75 (-11),9,60%,0.65,23%,2,https://siege.gg/players/3087-skiddy
CroqSon,EU,0.91,60-69 (-9),9,63%,0.64,26%,0,https://siege.gg/players/3175-croqson
Kendrew,EU,0.9,56-71 (-15),9,66%,0.57,27%,4,https://siege.gg/players/152-kendrew
KUBAJZSKI,EU,0.89,68-77 (-9),9,61%,0.66,25%,0,https://siege.gg/players/3964-kubajzski
HUNGRY,EU,0.88,22-27 (-5),4,61%,0.52,35%,2,https://siege.gg/players/37-hungry
Nafe,EU,0.88,56-69 (-13),9,60%,0.60,25%,1,https://siege.gg/players/1703-nathan
Mowwwgli,EU,0.88,63-75 (-12),9,54%,0.68,19%,1,https://siege.gg/players/2432-mowwwgli
THEASER,EU,0.88,54-71 (-17),9,61%,0.56,26%,2,https://siege.gg/players/3948-theaser
TYRANT,EU,0.87,63-76 (-13),9,56%,0.64,22%,1,https://siege.gg/players/2840-tyrant
MHAGR,EU,0.87,28-32 (-4),4,55%,0.62,28%,0,https://siege.gg/players/3643-mhagr
D0MANTAS,EU,0.87,103-128 (-25),14,55%,0.65,19%,0,https://siege.gg/players/3841-d0mantas
MENGO,EU,0.86,64-81 (-17),9,58%,0.62,21%,2,https://siege.gg/players/2850-mengo
Dov2hkiin,EU,0.86,81-98 (-17),13,57%,0.57,31%,2,https://siege.gg/players/2866-dov2hkiin
CTZN,EU,0.84,51-67 (-16),9,63%,0.55,27%,0,https://siege.gg/players/357-ctzn
LINKOO,EU,0.84,160-210 (-50),26,57%,0.59,23%,7,https://siege.gg/players/2422-linkoo
EVAN,EU,0.83,84-137 (-53),17,62%,0.44,28%,20,https://siege.gg/players/3803-evan
HELLAMOB,EU,0.83,89-121 (-32),16,58%,0.55,25%,4,https://siege.gg/players/3954-hellamob
RAWA,EU,0.82,58-77 (-19),9,54%,0.56,25%,2,https://siege.gg/players/3819-rawa
BEUSTER,EU,0.82,32-51 (-19),5,61%,0.48,23%,6,https://siege.gg/players/3839-beuster
P4,EU,0.78,39-64 (-25),9,57%,0.45,26%,4,https://siege.gg/players/979-p4
Savage,EU,0.78,43-72 (-29),9,61%,0.47,21%,3,https://siege.gg/players/3090-savage
MARECKX,EU,0.78,18-28 (-10),4,57%,0.43,33%,0,https://siege.gg/players/3971-mareckx
NERF,EU,0.77,25-44 (-19),5,53%,0.37,34%,9,https://siege.gg/players/3182-nerf
AGMOLI,EU,0.77,34-61 (-27),7,60%,0.43,23%,3,https://siege.gg/players/3939-agmoli
Pacbull,EU,0.76,21-32 (-11),4,57%,0.50,23%,0,https://siege.gg/players/1707-pacbull
GWZH,EU,0.75,21-33 (-12),4,57%,0.47,26%,0,https://siege.gg/players/3345-gwzh
Hauva,EU,0.73,36-74 (-38),9,57%,0.38,21%,6,https://siege.gg/players/3732-hauva
XROYALE,EU,0.72,18-33 (-15),4,55%,0.40,26%,1,https://siege.gg/players/3346-xroyale
Shed,EU,0.7,21-42 (-21),5,62%,0.39,22%,0,https://siege.gg/players/3098-shedpog
WZHEKA,EU,0.7,30-47 (-17),6,49%,0.55,14%,0,https://siege.gg/players/3961-wzheka
KIIOXZ,EU,0.7,27-45 (-18),6,47%,0.49,18%,1,https://siege.gg/players/3962-kiioxz
MZJIIN,EU,0.68,31-49 (-18),6,43%,0.56,10%,0,https://siege.gg/players/3960-mzjiin
SIRILOID,EU,0.61,12-30 (-18),4,47%,0.29,28%,0,https://siege.gg/players/3968-siriloid
AsK,EU,0.58,13-33 (-20),4,45%,0.31,21%,0,https://siege.gg/players/2258-ask
MIGHTFR,EU,0.57,25-51 (-26),6,38%,0.45,7%,1,https://siege.gg/players/3958-mightfr
ZEPHIR,EU,0.55,6-15 (-9),2,35%,0.35,11%,1,https://siege.gg/players/20-zephir
YXSHIRAU,EU,0.55,16-34 (-18),4,44%,0.42,10%,1,https://siege.gg/players/3959-yxshirau
Woogiman,INTL,1.2,107-83 (+24),11,74%,0.91,29%,2,https://siege.gg/players/2515-woogiman
Bae,INTL,1.17,157-120 (+37),16,72%,0.86,34%,1,https://siege.gg/players/3411-bae
Handyy,INTL,1.16,240-174 (+66),23,65%,0.92,33%,5,https://siege.gg/players/2822-handy
Paluh,INTL,1.15,250-188 (+62),27,69%,0.78,41%,3,https://siege.gg/players/680-paluh
Kheyze,INTL,1.13,187-138 (+49),19,66%,0.87,35%,0,https://siege.gg/players/2255-kheyze
Kanzen,INTL,1.12,149-117 (+32),16,66%,0.81,36%,3,https://siege.gg/players/1805-kanzenkyari
Noa,INTL,1.12,261-213 (+48),27,66%,0.82,33%,12,https://siege.gg/players/2895-noaurz
FLEXY,INTL,1.12,144-117 (+27),16,65%,0.87,29%,0,https://siege.gg/players/3857-flexy
jume,INTL,1.11,262-218 (+44),27,68%,0.82,31%,5,https://siege.gg/players/2381-jume
Reeps96,INTL,1.11,145-110 (+35),16,62%,0.84,36%,2,https://siege.gg/players/2790-reeps96
Stompn,INTL,1.11,131-108 (+23),14,65%,0.81,32%,4,https://siege.gg/players/3752-stompn
Gunnar,INTL,1.1,151-128 (+23),16,67%,0.83,30%,5,https://siege.gg/players/2393-gunnar
Ashn,INTL,1.1,178-154 (+24),20,68%,0.81,29%,4,https://siege.gg/players/3258-ashn
Surf,INTL,1.09,158-136 (+22),18,69%,0.80,31%,2,https://siege.gg/players/2397-surf
Hovenherst,INTL,1.09,135-111 (+24),16,66%,0.78,35%,1,https://siege.gg/players/2924-hovenherst
Gaveni,INTL,1.09,147-133 (+14),16,68%,0.80,27%,3,https://siege.gg/players/3108-gaveni
Dodez,INTL,1.09,261-219 (+42),27,65%,0.82,31%,6,https://siege.gg/players/3129-dodez
Ambi,INTL,1.09,163-138 (+25),18,67%,0.82,30%,4,https://siege.gg/players/3498-ambi
Shaiiko,INTL,1.08,193-154 (+39),22,63%,0.83,33%,0,https://siege.gg/players/308-shaiiko
Jv92,INTL,1.08,177-146 (+31),19,64%,0.83,31%,1,https://siege.gg/players/2651-joao92jv
L0BIN,INTL,1.07,258-221 (+37),27,67%,0.81,30%,2,https://siege.gg/players/2655-l0binn
volpz,INTL,1.07,252-215 (+37),27,65%,0.79,32%,4,https://siege.gg/players/2667-volpz
Terd,INTL,1.07,129-109 (+20),16,65%,0.75,36%,1,https://siege.gg/players/3277-terdsta
Benjamaster,INTL,1.06,173-148 (+25),20,62%,0.79,32%,2,https://siege.gg/players/1607-benjamaster
Gruby,INTL,1.06,132-120 (+12),16,65%,0.80,27%,1,https://siege.gg/players/2688-gruby
Solotov,INTL,1.05,190-174 (+16),22,65%,0.82,25%,1,https://siege.gg/players/2623-solotov
nade,INTL,1.05,131-118 (+13),19,69%,0.61,44%,17,https://siege.gg/players/2939-nade
AsK,INTL,1.04,82-74 (+8),9,59%,0.84,24%,0,https://siege.gg/players/2258-ask
Mowwwgli,INTL,1.04,263-250 (+13),27,64%,0.82,21%,3,https://siege.gg/players/2432-mowwwgli
Nuers,INTL,1.04,170-153 (+17),20,67%,0.78,30%,1,https://siege.gg/players/2935-nuers
pino,INTL,1.03,104-99 (+5),14,62%,0.70,33%,4,https://siege.gg/players/872-pino
soulz,INTL,1.03,178-162 (+16),23,64%,0.68,37%,4,https://siege.gg/players/1386-soulz1
Spiker,INTL,1.03,120-109 (+11),16,66%,0.66,40%,10,https://siege.gg/players/3223-spiker
Bapn,INTL,1.03,69-68 (+1),8,64%,0.84,17%,0,https://siege.gg/players/3378-bapn
Doki,INTL,1.02,124-117 (+7),14,62%,0.77,27%,2,https://siege.gg/players/391-doki
Faallz,INTL,1.02,112-113 (-1),16,65%,0.66,33%,5,https://siege.gg/players/1021-faallz
Rexen,INTL,1.02,143-138 (+5),18,67%,0.72,30%,2,https://siege.gg/players/1040-rexen
HerdsZ,INTL,1.02,172-153 (+19),19,60%,0.80,28%,0,https://siege.gg/players/1114-herdssz
LikEfac,INTL,1.02,180-167 (+13),22,62%,0.78,28%,3,https://siege.gg/players/2424-likefac
Savage,INTL,1.02,206-205 (+1),27,67%,0.65,35%,17,https://siege.gg/players/3090-savage
Yuzus,INTL,1.01,147-151 (-4),22,69%,0.63,34%,4,https://siege.gg/players/1697-yuzus
VITAKING,INTL,1.01,176-173 (+3),23,65%,0.67,33%,11,https://siege.gg/players/2323-vitaking
Loira,INTL,1.01,129-129 (+0),14,63%,0.80,19%,3,https://siege.gg/players/3169-loira
dfuzr,INTL,1.01,135-132 (+3),16,62%,0.74,27%,3,https://siege.gg/players/3457-dfuzr
Cyber,INTL,1.0,202-187 (+15),23,60%,0.77,28%,6,https://siege.gg/players/104-cyb3r
J9O,INTL,1.0,145-143 (+2),20,67%,0.66,34%,1,https://siege.gg/players/1810-j9o
SWAG,INTL,1.0,75-74 (+1),9,63%,0.77,24%,2,https://siege.gg/players/3130-swag
BlaZ,INTL,0.99,110-114 (-4),14,63%,0.68,29%,8,https://siege.gg/players/366-blaz
KDS,INTL,0.99,183-183 (+0),23,65%,0.70,29%,1,https://siege.gg/players/1109-kds
Adrian,INTL,0.99,205-210 (-5),27,65%,0.64,34%,8,https://siege.gg/players/3501-adrian
Spoit,INTL,0.98,138-144 (-6),18,61%,0.70,27%,2,https://siege.gg/players/380-spoit
SpeakEasy,INTL,0.98,107-116 (-9),16,66%,0.62,32%,12,https://siege.gg/players/610-speakeasy
Atom,INTL,0.98,114-122 (-8),14,61%,0.74,21%,5,https://siege.gg/players/2981-tra
Bullet1,INTL,0.97,120-122 (-2),16,63%,0.71,27%,1,https://siege.gg/players/98-bullet
Gryxr,INTL,0.97,105-114 (-9),14,64%,0.68,26%,2,https://siege.gg/players/1316-gryxr
bbySharKK,INTL,0.97,125-128 (-3),16,60%,0.68,30%,1,https://siege.gg/players/3667-bbysharkk
Levy,INTL,0.96,119-122 (-3),16,62%,0.70,27%,2,https://siege.gg/players/272-lev1
Fntzy,INTL,0.95,119-121 (-2),14,56%,0.80,18%,0,https://siege.gg/players/2520-fntzy
Hatez,INTL,0.95,102-104 (-2),14,60%,0.69,29%,0,https://siege.gg/players/2660-hatez
NearZ,INTL,0.95,120-129 (-9),16,61%,0.71,23%,2,https://siege.gg/players/2773-nearz
BriD,INTL,0.94,108-141 (-33),22,67%,0.47,39%,27,https://siege.gg/players/22-brid
Fultz,INTL,0.94,121-145 (-24),20,65%,0.55,33%,19,https://siege.gg/players/1077-fultz
Alem4o,INTL,0.94,99-106 (-7),14,62%,0.61,34%,5,https://siege.gg/players/1738-alem4o
Pikan,INTL,0.93,78-81 (-3),11,60%,0.71,26%,0,https://siege.gg/players/1999-pikaceu
resetz,INTL,0.93,69-75 (-6),9,61%,0.74,19%,1,https://siege.gg/players/2659-resetz
GoodBoy,INTL,0.93,85-94 (-9),11,58%,0.73,19%,3,https://siege.gg/players/2940-goodboy
GMZ,INTL,0.91,112-127 (-15),14,58%,0.72,18%,1,https://siege.gg/players/1870-gmz
Ape,INTL,0.91,112-128 (-16),16,58%,0.65,25%,1,https://siege.gg/players/2926-ape
EUPOR,INTL,0.91,107-116 (-9),16,57%,0.64,30%,5,https://siege.gg/players/3181-eupor
AZuKi,INTL,0.91,74-87 (-13),11,59%,0.67,20%,2,https://siege.gg/players/3713-azuki
Mity,INTL,0.9,109-131 (-22),16,56%,0.64,22%,1,https://siege.gg/players/122-mity
Dash,INTL,0.9,110-137 (-27),16,63%,0.60,25%,10,https://siege.gg/players/2268-d4sh
Tuhan,INTL,0.9,57-67 (-10),8,62%,0.70,18%,1,https://siege.gg/players/3160-tuhan
Playxr,INTL,0.9,52-61 (-9),8,57%,0.63,25%,1,https://siege.gg/players/3226-playxr
Canadian,INTL,0.89,101-136 (-35),18,62%,0.51,31%,10,https://siege.gg/players/49-canadian
Kyno,INTL,0.89,105-132 (-27),16,61%,0.57,27%,8,https://siege.gg/players/1871-kyno
Oscr,INTL,0.89,104-127 (-23),16,60%,0.63,23%,5,https://siege.gg/players/2307-oscr
Hotancold,INTL,0.88,101-128 (-27),16,62%,0.55,30%,9,https://siege.gg/players/79-hotancold
Forrest,INTL,0.88,87-110 (-23),14,56%,0.56,29%,14,https://siege.gg/players/1318-forrest
FelipoX,INTL,0.88,110-142 (-32),19,62%,0.51,33%,4,https://siege.gg/players/1660-felipox
Mephi,INTL,0.88,69-86 (-17),11,58%,0.59,26%,1,https://siege.gg/players/2933-mephi
RIN,INTL,0.87,78-94 (-16),11,59%,0.67,19%,2,https://siege.gg/players/2517-rin
Seal,INTL,0.87,67-78 (-11),11,52%,0.61,29%,1,https://siege.gg/players/3274-seal
Dotz,INTL,0.85,156-219 (-63),27,62%,0.49,31%,15,https://siege.gg/players/2264-dootz
R4re,INTL,0.83,55-73 (-18),9,59%,0.56,25%,1,https://siege.gg/players/2253-r4re
Miracle,INTL,0.82,51-70 (-19),9,53%,0.52,28%,2,https://siege.gg/players/868-miracle
Souffle,INTL,0.82,62-85 (-23),11,59%,0.56,22%,0,https://siege.gg/players/1986-souffle
kondz,INTL,0.82,74-109 (-35),14,57%,0.50,26%,7,https://siege.gg/players/2278-kondzz
JOEGOR,INTL,0.82,68-86 (-18),11,51%,0.62,21%,3,https://siege.gg/players/3612-joegor
Yoggah,INTL,0.8,86-122 (-36),14,53%,0.55,21%,3,https://siege.gg/players/348-yoggah
Psycho,INTL,0.79,50-71 (-21),9,50%,0.54,23%,1,https://siege.gg/players/92-psycho
SKEPTIC,INTL,0.76,69-121 (-52),16,57%,0.42,27%,9,https://siege.gg/players/2304-skeptic
Stemp,INTL,0.76,53-78 (-25),9,49%,0.57,16%,3,https://siege.gg/players/2783-stemp
coted,INTL,0.75,56-93 (-37),11,58%,0.48,20%,3,https://siege.gg/players/2516-coted
Wizard,INTL,0.74,72-114 (-42),14,52%,0.49,22%,0,https://siege.gg/players/2645-wizard
MR6OTLAW,INTL,0.74,60-86 (-26),9,45%,0.61,12%,1,https://siege.gg/players/3045-mr6otlaw
ion,INTL,0.73,51-75 (-24),9,43%,0.55,19%,0,https://siege.gg/players/130-ion
Relaes,INTL,0.73,46-68 (-22),8,52%,0.56,17%,0,https://siege.gg/players/3855-relaes
Rappz,INTL,0.66,36-78 (-42),9,52%,0.39,16%,8,https://siege.gg/players/2000-rappz
Fishoguy,INTL,0.61,29-68 (-39),8,48%,0.35,17%,2,https://siege.gg/players/547-fishoguy
Direction,APAC,1.44,94-42 (+52),8,80%,1.08,51%,1,https://siege.gg/players/2788-direction
txonly,APAC,1.28,104-66 (+38),10,76%,0.96,38%,2,https://siege.gg/players/3873-txonly
OnJuly,APAC,1.24,76-47 (+29),8,73%,0.87,45%,1,https://siege.gg/players/2791-onjuly
MoonL1ght,APAC,1.24,90-60 (+30),9,70%,0.94,37%,0,https://siege.gg/players/3866-moonl1ght
YaaaaZ,APAC,1.24,79-50 (+29),9,77%,0.82,47%,0,https://siege.gg/players/3869-yaz
Mcie,APAC,1.16,78-62 (+16),9,75%,0.81,35%,3,https://siege.gg/players/3500-mcie
Ra3LGuN,APAC,1.15,69-55 (+14),9,76%,0.72,42%,7,https://siege.gg/players/3867-ra3lgun
rockstarKa,APAC,1.14,81-59 (+22),10,65%,0.75,45%,5,https://siege.gg/players/3871-ka
Future,APAC,1.13,89-67 (+22),10,63%,0.89,33%,4,https://siege.gg/players/4008-future
Songla,APAC,1.12,101-82 (+19),11,65%,0.90,26%,0,https://siege.gg/players/3272-songla
Lyda,APAC,1.11,83-66 (+17),10,67%,0.77,38%,6,https://siege.gg/players/3872-lyda
Lian,APAC,1.11,105-91 (+14),12,65%,0.74,35%,7,https://siege.gg/players/3980-lian
Arcox,APAC,1.1,51-44 (+7),6,69%,0.74,36%,2,https://siege.gg/players/3993-arcox
bottomLove,APAC,1.1,59-48 (+11),8,73%,0.68,44%,5,https://siege.gg/players/4006-bottomlove
SDGundam,APAC,1.09,78-71 (+7),10,69%,0.78,29%,0,https://siege.gg/players/4009-owo
Gotti,APAC,1.08,81-65 (+16),10,66%,0.75,39%,1,https://siege.gg/players/2518-gotti
LIKE,APAC,1.08,90-75 (+15),11,64%,0.80,33%,5,https://siege.gg/players/3999-like
Darcly,APAC,1.06,71-64 (+7),10,72%,0.66,40%,4,https://siege.gg/players/3870-darcly
Rusher,APAC,1.05,57-54 (+3),6,66%,0.83,21%,1,https://siege.gg/players/3991-rusher
Sunset,APAC,1.04,96-90 (+6),12,68%,0.68,36%,6,https://siege.gg/players/3982-sunset
ArFeng,APAC,1.03,96-93 (+3),12,65%,0.72,30%,13,https://siege.gg/players/4000-arfeng
SoloMiD,APAC,1.02,55-58 (-3),9,69%,0.57,39%,6,https://siege.gg/players/3868-solomid
Fiber,APAC,1.02,101-95 (+6),12,67%,0.72,32%,0,https://siege.gg/players/3979-fiber
Recap,APAC,1.02,94-90 (+4),12,63%,0.70,32%,1,https://siege.gg/players/4005-recap
Carpe,APAC,1.02,61-52 (+9),8,65%,0.70,40%,0,https://siege.gg/players/4007-carpe
ABEI,APAC,1.0,76-79 (-3),11,68%,0.68,29%,2,https://siege.gg/players/3996-abei
Naka,APAC,0.99,48-49 (-1),6,60%,0.70,28%,0,https://siege.gg/players/3989-naka1x
MomoWiNGs,APAC,0.96,89-96 (-7),12,65%,0.63,31%,4,https://siege.gg/players/3617-momorins
KzB,APAC,0.96,101-108 (-7),12,67%,0.72,23%,0,https://siege.gg/players/3618-kzb
Cpk,APAC,0.96,90-97 (-7),12,64%,0.67,27%,0,https://siege.gg/players/4001-cpk
Pau1,APAC,0.96,64-65 (-1),10,66%,0.64,35%,2,https://siege.gg/players/4010-pau1
A1mer,APAC,0.95,43-49 (-6),6,62%,0.62,28%,4,https://siege.gg/players/3990-a1mer
SeiNov9,APAC,0.93,39-50 (-11),6,63%,0.57,27%,6,https://siege.gg/players/3992-seinov9
MentalistC,APAC,0.91,38-52 (-14),8,63%,0.44,40%,8,https://siege.gg/players/951-mentalistc
AurK11,APAC,0.91,49-70 (-21),11,66%,0.44,37%,13,https://siege.gg/players/3997-aurk11
Hoi,APAC,0.91,67-83 (-16),11,67%,0.60,25%,1,https://siege.gg/players/3998-hoi
DEMoZ,APAC,0.87,79-95 (-16),12,60%,0.59,29%,3,https://siege.gg/players/4003-demoz
ReJo1ce,APAC,0.87,63-77 (-14),10,55%,0.63,23%,1,https://siege.gg/players/4011-rejo1ce
MajorKi,APAC,0.86,56-73 (-17),10,54%,0.60,21%,3,https://siege.gg/players/3984-major
KarTy,APAC,0.86,78-98 (-20),12,58%,0.58,26%,3,https://siege.gg/players/4004-karty
Rioter,APAC,0.82,48-72 (-24),10,61%,0.48,28%,8,https://siege.gg/players/4012-rioter
KY,APAC,0.8,54-76 (-22),10,56%,0.58,18%,0,https://siege.gg/players/3987-ky
KIRsy,APAC,0.78,26-37 (-11),5,44%,0.60,13%,1,https://siege.gg/players/3977-kirsay
IT,APAC,0.77,31-46 (-15),6,56%,0.62,8%,1,https://siege.gg/players/3975-it
Dominic,APAC,0.76,55-78 (-23),10,53%,0.59,16%,2,https://siege.gg/players/3985-dominic
J1ahao,APAC,0.76,54-76 (-22),10,55%,0.58,18%,0,https://siege.gg/players/3986-j1ahao
IO0MagNETic,APAC,0.67,3-5 (-2),1,44%,0.33,44%,0,https://siege.gg/players/3988-io0magnetic
Miracle,APAC,0.61,17-31 (-14),4,44%,0.47,13%,0,https://siege.gg/players/3978-miracle
Oblivionis,APAC,0.58,33-73 (-40),9,50%,0.39,13%,0,https://siege.gg/players/3983-oblivionis
Chichoo,APAC,0.47,17-38 (-21),5,28%,0.40,9%,0,https://siege.gg/players/3974-chichoo
SOS,APAC,0.3,11-46 (-35),6,26%,0.22,8%,0,https://siege.gg/players/3976-sos
Sitto,APAC,0.2,5-29 (-24),4,24%,0.17,0%,0,https://siege.gg/players/3973-sitto
DiasLucas,LATAM,1.29,78-43 (+35),8,81%,0.86,52%,0,https://siege.gg/players/2191-diaslucas
soulz,LATAM,1.28,134-79 (+55),14,75%,0.92,45%,1,https://siege.gg/players/1386-soulz1
VITAKING,LATAM,1.26,127-87 (+40),14,71%,0.88,40%,6,https://siege.gg/players/2323-vitaking
JOWKKAEBI,LATAM,1.26,44-29 (+15),4,69%,1.05,30%,0,https://siege.gg/players/3250-jowkkaebi
HASAQUI,LATAM,1.26,118-84 (+34),12,71%,0.98,30%,0,https://siege.gg/players/3876-hasaqui
fxrias,LATAM,1.24,162-110 (+52),15,68%,1.02,30%,1,https://siege.gg/players/3036-fxrias
Paluh,LATAM,1.21,118-85 (+33),12,67%,0.91,34%,0,https://siege.gg/players/680-paluh
Romeo,LATAM,1.21,71-49 (+22),6,70%,1.00,30%,0,https://siege.gg/players/2781-mrzll
BUMPY,LATAM,1.2,40-31 (+9),4,67%,1.00,22%,1,https://siege.gg/players/3780-bumpy
volpz,LATAM,1.19,81-59 (+22),8,64%,0.89,35%,6,https://siege.gg/players/2667-volpz
Legacy,LATAM,1.19,300-225 (+75),30,70%,0.87,34%,8,https://siege.gg/players/3527-legacy
ALAGARTE,LATAM,1.15,75-60 (+15),8,72%,0.86,31%,0,https://siege.gg/players/3877-alagarte
AKIREX,LATAM,1.12,56-47 (+9),5,70%,0.92,22%,1,https://siege.gg/players/3884-akirex
Maia,LATAM,1.11,93-78 (+15),10,65%,0.85,29%,1,https://siege.gg/players/2276-maia
pino,LATAM,1.1,89-71 (+18),11,69%,0.73,41%,2,https://siege.gg/players/872-pino
Kheyze,LATAM,1.1,96-82 (+14),10,60%,0.87,25%,1,https://siege.gg/players/2255-kheyze
peres,LATAM,1.1,126-102 (+24),13,65%,0.89,27%,2,https://siege.gg/players/2654-peres
Guto,LATAM,1.1,119-100 (+19),13,65%,0.84,29%,0,https://siege.gg/players/3131-guto
Hashasky,LATAM,1.09,110-94 (+16),13,66%,0.78,33%,0,https://siege.gg/players/2784-hashaky
DINIZ,LATAM,1.09,31-30 (+1),4,73%,0.74,28%,3,https://siege.gg/players/3197-diniz
Handyy,LATAM,1.08,122-98 (+24),14,63%,0.84,32%,1,https://siege.gg/players/2822-handy
Cyber,LATAM,1.07,111-100 (+11),14,68%,0.77,31%,2,https://siege.gg/players/104-cyb3r
Wizard,LATAM,1.07,93-73 (+20),11,64%,0.76,40%,0,https://siege.gg/players/2645-wizard
mitrix,LATAM,1.07,156-136 (+20),18,67%,0.80,30%,4,https://siege.gg/players/2782-mitrix
ICAH,LATAM,1.07,68-58 (+10),8,70%,0.78,33%,2,https://siege.gg/players/2786-icah
Loira,LATAM,1.07,75-64 (+11),8,58%,0.82,29%,1,https://siege.gg/players/3169-loira
TTODYZ,LATAM,1.07,32-29 (+3),4,69%,0.76,30%,1,https://siege.gg/players/3888-ttodyz
Daffodil,LATAM,1.06,108-92 (+16),13,68%,0.77,34%,0,https://siege.gg/players/2956-daffodil
SKARP,LATAM,1.06,130-120 (+10),16,63%,0.73,32%,12,https://siege.gg/players/3092-skarp
ANGELZZ,LATAM,1.06,275-242 (+33),30,63%,0.80,29%,1,https://siege.gg/players/3201-angelzz
Maquina,LATAM,1.05,161-140 (+21),18,62%,0.83,28%,1,https://siege.gg/players/3126-itzmaquina
Fntzy,LATAM,1.04,104-100 (+4),11,64%,0.85,18%,0,https://siege.gg/players/2520-fntzy
resetz,LATAM,1.04,34-29 (+5),4,63%,0.77,34%,0,https://siege.gg/players/2659-resetz
Gaspro,LATAM,1.04,51-53 (-2),8,73%,0.59,39%,7,https://siege.gg/players/3093-gaspro
NYJL,LATAM,1.04,118-111 (+7),15,64%,0.74,30%,4,https://siege.gg/players/3127-nyjl
xS3xyCake,LATAM,1.03,138-133 (+5),18,69%,0.71,31%,4,https://siege.gg/players/101-sexycake
Bullet1,LATAM,1.02,57-51 (+6),8,70%,0.66,41%,0,https://siege.gg/players/98-bullet
KURTZ,LATAM,1.02,120-121 (-1),15,62%,0.76,23%,2,https://siege.gg/players/2277-kurtz
Hatez,LATAM,1.02,92-82 (+10),11,63%,0.75,32%,1,https://siege.gg/players/2660-hatez
NITRO.,LATAM,1.02,124-118 (+6),16,64%,0.70,33%,1,https://siege.gg/players/3158-nitro
MENPS,LATAM,1.02,84-74 (+10),12,65%,0.69,38%,0,https://siege.gg/players/3525-menps
KHAOTIC,LATAM,1.02,41-46 (-5),6,60%,0.63,29%,6,https://siege.gg/players/3878-khaotic
PNNO9,LATAM,1.01,109-111 (-2),16,66%,0.62,37%,8,https://siege.gg/players/2910-pnno9
Dodez,LATAM,1.01,95-93 (+2),12,68%,0.74,27%,1,https://siege.gg/players/3129-dodez
Gomess,LATAM,1.01,89-91 (-2),13,69%,0.63,35%,8,https://siege.gg/players/3134-gomess7
Basthian,LATAM,1.01,129-127 (+2),16,66%,0.73,28%,0,https://siege.gg/players/3736-basthian
KIRIMPITBULL,LATAM,1.01,23-25 (-2),4,68%,0.72,21%,0,https://siege.gg/players/3886-kirimpitbull
Florio,LATAM,1.0,125-127 (-2),18,67%,0.64,34%,9,https://siege.gg/players/2260-florio
naka,LATAM,1.0,100-96 (+4),13,63%,0.71,31%,4,https://siege.gg/players/2275-naka
WILL,LATAM,0.99,82-90 (-8),15,68%,0.52,43%,13,https://siege.gg/players/1392-will
DERNEKA,LATAM,0.99,86-90 (-4),11,58%,0.74,23%,0,https://siege.gg/players/3697-derneka
HURBYZ,LATAM,0.99,15-17 (-2),2,63%,0.79,10%,1,https://siege.gg/players/3769-hurbyz
XINA,LATAM,0.99,46-50 (-4),6,68%,0.72,21%,0,https://siege.gg/players/3879-xina
P4TOXYZIN,LATAM,0.98,103-107 (-4),15,68%,0.65,32%,2,https://siege.gg/players/1724-p4toxyzin
Rappz,LATAM,0.98,224-237 (-13),30,66%,0.65,30%,6,https://siege.gg/players/2000-rappz
Bassetto,LATAM,0.98,73-81 (-8),11,69%,0.60,33%,8,https://siege.gg/players/2256-bassetto
yektz,LATAM,0.98,124-121 (+3),18,62%,0.64,37%,5,https://siege.gg/players/2774-yektz
QUINTZ,LATAM,0.98,84-88 (-4),11,65%,0.72,24%,2,https://siege.gg/players/3520-quintz
LENDAO,LATAM,0.98,81-88 (-7),12,62%,0.67,27%,12,https://siege.gg/players/3874-lendao
KDS,LATAM,0.97,87-93 (-6),14,65%,0.60,35%,0,https://siege.gg/players/1109-kds
TUCU,LATAM,0.97,128-128 (+0),16,60%,0.72,27%,0,https://siege.gg/players/2038-tucu
L0BIN,LATAM,0.97,94-97 (-3),12,59%,0.73,24%,0,https://siege.gg/players/2655-l0binn
DANTE7,LATAM,0.97,88-83 (+5),12,58%,0.73,31%,1,https://siege.gg/players/3320-dante7
YURIVST,LATAM,0.97,45-49 (-4),6,59%,0.63,30%,10,https://siege.gg/players/3696-yurivst
Psycho,LATAM,0.96,47-50 (-3),6,63%,0.66,29%,1,https://siege.gg/players/92-psycho
JANGO,LATAM,0.96,14-15 (-1),2,68%,0.74,21%,0,https://siege.gg/players/1885-jango
Neskin,LATAM,0.96,98-96 (+2),13,61%,0.70,31%,1,https://siege.gg/players/2261-neskin
Stk,LATAM,0.96,256-259 (-3),30,59%,0.75,24%,5,https://siege.gg/players/2519-stk
MR6OTLAW,LATAM,0.96,48-50 (-2),6,56%,0.75,21%,0,https://siege.gg/players/3045-mr6otlaw
BOKZERA,LATAM,0.96,58-60 (-2),8,67%,0.64,34%,3,https://siege.gg/players/3200-bokzera
VNK,LATAM,0.96,88-93 (-5),11,58%,0.75,20%,0,https://siege.gg/players/3222-vnk
Semper,LATAM,0.95,62-60 (+2),8,57%,0.71,31%,0,https://siege.gg/players/3138-semper
SKY7,LATAM,0.95,47-51 (-4),6,61%,0.72,21%,0,https://siege.gg/players/3799-sky7
GABU,LATAM,0.94,35-33 (+2),4,51%,0.78,26%,0,https://siege.gg/players/3521-gabu
Hornetao,LATAM,0.93,46-49 (-3),6,60%,0.65,30%,0,https://siege.gg/players/1559-horneto
nade,LATAM,0.93,65-73 (-8),10,61%,0.59,33%,3,https://siege.gg/players/2939-nade
SWAG,LATAM,0.93,43-47 (-4),6,64%,0.67,26%,0,https://siege.gg/players/3130-swag
FelipoX,LATAM,0.92,64-77 (-13),10,59%,0.58,30%,5,https://siege.gg/players/1660-felipox
Dash,LATAM,0.92,91-107 (-16),13,63%,0.65,24%,1,https://siege.gg/players/2268-d4sh
ZLUKLOK,LATAM,0.92,65-83 (-18),12,66%,0.54,31%,4,https://siege.gg/players/3767-zluklok
KANEDA,LATAM,0.92,44-49 (-5),5,57%,0.72,19%,0,https://siege.gg/players/3883-kaneda
HerdsZ,LATAM,0.91,60-72 (-12),8,61%,0.66,20%,0,https://siege.gg/players/1114-herdssz
RAIO,LATAM,0.91,27-32 (-5),4,62%,0.68,20%,0,https://siege.gg/players/1736-raio
DUCAGN,LATAM,0.91,31-36 (-5),4,56%,0.70,18%,1,https://siege.gg/players/3522-ducagn
R4re,LATAM,0.9,47-51 (-4),6,59%,0.73,20%,1,https://siege.gg/players/2253-r4re
Dotz,LATAM,0.89,78-94 (-16),12,55%,0.60,27%,4,https://siege.gg/players/2264-dootz
kondz,LATAM,0.88,75-91 (-16),12,59%,0.58,29%,2,https://siege.gg/players/2278-kondzz
DARKEYSS,LATAM,0.88,93-103 (-10),13,53%,0.66,26%,1,https://siege.gg/players/3137-darkeyss
live,LATAM,0.87,25-34 (-9),4,57%,0.56,24%,3,https://siege.gg/players/1108-live
ZENOO,LATAM,0.87,27-35 (-8),4,61%,0.61,20%,1,https://siege.gg/players/3770-zenoo
Ar7hr,LATAM,0.86,165-237 (-72),30,61%,0.48,30%,32,https://siege.gg/players/2267-ar7hr
Nuxxga,LATAM,0.86,61-97 (-36),13,62%,0.43,31%,14,https://siege.gg/players/2859-nuxxga
SOUZAA,LATAM,0.86,22-31 (-9),4,48%,0.59,16%,0,https://siege.gg/players/3030-souzaa
MOLVER,LATAM,0.86,39-47 (-8),6,56%,0.60,27%,0,https://siege.gg/players/3880-molver
AREZ7,LATAM,0.84,19-26 (-7),4,52%,0.56,23%,0,https://siege.gg/players/3702-arez7
HAXZAO,LATAM,0.84,31-37 (-6),4,59%,0.70,15%,0,https://siege.gg/players/3875-haxzao
KAIINX7,LATAM,0.83,44-56 (-12),6,52%,0.68,13%,0,https://siege.gg/players/3797-kaiinx7
RWZ9,LATAM,0.82,25-35 (-10),4,59%,0.68,5%,0,https://siege.gg/players/3892-rwz9
Jv92,LATAM,0.81,63-80 (-17),10,55%,0.57,27%,1,https://siege.gg/players/2651-joao92jv
PALADIIN,LATAM,0.8,23-33 (-10),4,48%,0.62,10%,1,https://siege.gg/players/3032-paladiin
ion,LATAM,0.79,40-56 (-16),6,50%,0.56,21%,0,https://siege.gg/players/130-ion
R4UL,LATAM,0.79,34-48 (-14),5,54%,0.56,21%,1,https://siege.gg/players/3882-r4ul
JONAXYZ,LATAM,0.78,37-51 (-14),5,50%,0.61,16%,0,https://siege.gg/players/3776-jonaxyz
nesk,LATAM,0.77,11-17 (-6),2,52%,0.58,10%,0,https://siege.gg/players/97-nesk
V11,LATAM,0.77,24-48 (-24),5,60%,0.39,21%,8,https://siege.gg/players/3778-v11
Stemp,LATAM,0.76,26-39 (-13),4,53%,0.58,13%,0,https://siege.gg/players/2783-stemp
DRKZINN,LATAM,0.76,61-94 (-33),11,56%,0.52,19%,1,https://siege.gg/players/3774-drkzinn
LENDA,LATAM,0.74,30-50 (-20),6,56%,0.47,21%,0,https://siege.gg/players/1390-lenda
Flastry,LATAM,0.74,21-32 (-11),4,53%,0.47,28%,0,https://siege.gg/players/2650-flastry
GUIZI,LATAM,0.74,10-18 (-8),2,63%,0.45,18%,0,https://siege.gg/players/3700-guizi
RASH,LATAM,0.74,56-90 (-34),11,54%,0.48,23%,4,https://siege.gg/players/3772-rash
RAZAH,LATAM,0.73,9-14 (-5),2,52%,0.47,26%,0,https://siege.gg/players/3518-razah
KAMIKAZE,LATAM,0.72,8-16 (-8),2,57%,0.42,15%,1,https://siege.gg/players/93-kamikaze
JULIANOBORGES,LATAM,0.72,15-25 (-10),4,50%,0.50,16%,0,https://siege.gg/players/3783-julianoborges
COXAH,LATAM,0.72,6-9 (-3),2,50%,0.60,10%,0,https://siege.gg/players/3893-coxah
FERRAZ,LATAM,0.7,20-35 (-15),4,52%,0.48,16%,1,https://siege.gg/players/3887-ferraz
NARUSAS,LATAM,0.7,19-32 (-13),4,48%,0.51,13%,1,https://siege.gg/players/3891-narusas
LULI,LATAM,0.69,16-30 (-14),4,54%,0.38,28%,0,https://siege.gg/players/3024-luli
Miracle,LATAM,0.67,27-54 (-27),6,56%,0.42,15%,1,https://siege.gg/players/868-miracle
SWITY,LATAM,0.58,16-34 (-18),4,42%,0.40,15%,1,https://siege.gg/players/3889-swity
DUDUCRVG,LATAM,0.49,15-36 (-21),4,40%,0.38,10%,0,https://siege.gg/players/3794-duducrvg
AMERICANOWTF,LATAM,0.46,9-31 (-22),4,37%,0.24,16%,1,https://siege.gg/players/3890-americanowtf
